{"cameraMode":{"drawMode":0,"name":"Shaded","section":"Shading Mode"},"sceneLighting":true,"audioPlay":false,"sceneViewState":{"showFog":true,"showMaterialUpdate":false,"showSkybox":true,"showFlares":true,"showImageEffects":true,"showParticleSystems":true,"showVisualEffectGraphs":true,"m_FxEnabled":true},"in2DMode":false,"pivot":{"x":17.128814697265626,"y":-55.77029037475586,"z":208.39710998535157},"rotation":{"x":-0.13173642754554749,"y":-0.0529111884534359,"z":0.007041967008262873,"w":-0.9898510575294495},"size":119.05608367919922,"orthographic":false}